onetsoc_code,occupation_title,task_id,task_text_clean,operation_phrase,operation_verbs,operation_object_type,domain_stripped,notes,levi_disagrees,levi_comment
29-1051.00,Pharmacists,1826,"Publish educational information for other pharmacists, doctors, or patients.",publish educational information for people,['publish'],document,['educational' 'pharmacists' 'doctors' 'patients'],,,
27-2012.04,Talent Directors,11019,"Maintain talent files that include information such as performers' specialties, past performances, and availability.",maintain files,['maintain'],document,['talent' 'performers' 'specialties' 'past performances' 'availability'],,,
13-2023.00,Appraisers and Assessors of Real Estate,21550,"Prepare written reports that estimate property values, outline methods by which the estimations were made, and meet appraisal standards.",prepare written valuation reports,['prepare' 'estimate'],document,['property values' 'appraisal standards'],Includes outlining estimation methods and meeting standards.,,
49-9071.00,"Maintenance and Repair Workers, General",3025,Record type and cost of maintenance or repair work.,record maintenance or repair work,['record'],document,['type' 'cost'],,,
31-9094.00,Medical Transcriptionists,9416,"Return dictated reports in printed or electronic form for physician's review, signature, and corrections and for inclusion in patients' medical records.",return dictated reports for review and signature,['return' 'review' 'sign'],document,['physician' 'patients' 'medical records' 'printed' 'electronic'],Primary action is returning reports; review/signature/corrections are load-bearing purposes.,,
27-4031.00,"Camera Operators, Television, Video, and Film",18671,Write new scripts for broadcasts.,write broadcast scripts,['write'],document,['broadcasts'],,,
13-1041.03,Equal Opportunity Representatives and Officers,10866,Interpret civil rights laws and equal opportunity regulations for individuals or employers.,interpret regulations for individuals or employers,['interpret'],document,['civil rights laws' 'equal opportunity'],,,
11-9179.02,Spa Managers,17610,"Perform accounting duties, such as recording daily cash flow, preparing bank deposits, or generating financial statements.",record cash flow and prepare financial statements,['record' 'prepare' 'generate'],document,['accounting' 'daily' 'bank deposits' 'financial'],Multiple related accounting operations; phrase emphasizes the dominant record/preparation work.,,
25-2021.00,"Elementary School Teachers, Except Special Education",6542,Assign and grade class work and homework.,assign and grade class work,['assign' 'grade'],document,['homework'],Mixed operations; dominant focus is assigning and grading learner work.,,
23-1011.00,Lawyers,3776,Present and summarize cases to judges and juries.,present and summarize cases to formal decision-makers,['present' 'summarize'],document,['judges' 'juries'],,,
19-2041.01,Climate Change Policy Analysts,16849,"Provide analytical support for policy briefs related to renewable energy, energy efficiency, or climate change.",provide analytical support for policy briefs,['provide' 'analyze'],document,['renewable energy' 'energy efficiency' 'climate change'],,,
11-9161.00,Emergency Management Directors,7266,Collaborate with other officials to prepare and analyze damage assessments following disasters or emergencies.,prepare and analyze damage assessments,['prepare' 'analyze' 'collaborate'],document,['officials' 'disasters' 'emergencies'],,,
19-3032.00,Industrial-Organizational Psychologists,20226,"Write articles, white papers, or reports to share research findings and educate others.",write reports to share findings,['write'],document,['articles' 'white papers' 'research'],Source also mentions educating others; dominant operation is writing documents to communicate findings.,,
33-2022.00,Forest Fire Inspectors and Prevention Specialists,11108,Maintain records and logbooks.,maintain records and logbooks,['maintain'],document,['logbooks'],,,
11-9199.02,Compliance Managers,15645,Report violations of compliance or regulatory standards to duly authorized enforcement agencies as appropriate or required.,report violations to enforcement agencies,['report'],document,['compliance' 'regulatory' 'duly authorized'],,,
27-3041.00,Editors,1790,Make manuscript acceptance or revision recommendations to the publisher.,make acceptance or revision recommendations,['make' 'recommend'],document,['manuscript' 'publisher'],,,
29-1161.00,Nurse Midwives,18456,Write information in medical records or provide narrative summaries to communicate patient information to other health care providers.,write records or narrative summaries for communication,['write' 'provide'],document,['medical' 'patient' 'health care providers'],Mixed documentation and communication; dominant operation is writing summaries in records.,,
19-2041.02,Environmental Restoration Planners,16859,Apply for permits required for the implementation of environmental remediation projects.,apply for permits for project implementation,['apply'],document,['environmental remediation'],,,
25-9031.00,Instructional Coordinators,6875,Update the content of educational programs to ensure that students are being trained with equipment and processes that are technologically current.,update educational program content,['update'],document,"['educational programs' 'students' 'equipment' 'processes'
 'technologically current']",Focuses on revising program content to keep training current.,,
23-2011.00,Paralegals and Legal Assistants,23994,"Prepare, edit, or review legal documents, including legislation, briefs, pleadings, appeals, wills, contracts, and real estate closing statements.","prepare, edit, or review documents",['prepare' 'edit' 'review'],document,"['legal' 'legislation' 'briefs' 'pleadings' 'appeals' 'wills' 'contracts'
 'real estate closing statements']",Lists multiple document types; dominant operation is document preparation/editing/review.,,
49-1011.00,"First-Line Supervisors of Mechanics, Installers, and Repairers",2914,Monitor employees' work levels and review work performance.,Monitor work levels and review performance,['monitor' 'review'],person,['employees'],,,
25-1124.00,"Foreign Language and Literature Teachers, Postsecondary",6351,Act as advisers to student organizations.,advise learners,['advise'],person,['student organizations'],,,
21-1092.00,Probation Officers and Correctional Treatment Specialists,1625,Interview probationers and parolees regularly to evaluate their progress in accomplishing goals and maintaining the terms specified in their probation contracts and rehabilitation plans.,interview and evaluate a person,['interview' 'evaluate'],person,['probationers' 'parolees' 'probation contracts' 'rehabilitation plans'],Progress and terms are preserved as the evaluation criterion.,,
39-5091.00,"Makeup Artists, Theatrical and Performance",14817,"Demonstrate products to clients, and provide instruction in makeup application.",demonstrate products to clients,['demonstrate' 'provide'],person,['products' 'clients' 'makeup application'],"Mixed operations; dominant task is demonstrating products, with instruction in application as secondary.",,
29-1241.00,"Ophthalmologists, Except Pediatric",17163,Educate patients about maintenance and promotion of healthy vision.,educate a person about healthy vision,['educate'],person,['patients' 'maintenance' 'promotion'],,,
13-2099.01,Financial Quantitative Analysts,15992,Consult traders or other financial industry personnel to determine the need for new or improved analytical applications.,consult personnel to determine application needs,['consult' 'determine'],person,['traders' 'financial industry' 'analytical applications'],,,
25-9043.00,"Teaching Assistants, Special Education",22494,Instruct and monitor students in the use and care of equipment and materials to prevent injuries and damage.,instruct and monitor learners in equipment use,['instruct' 'monitor'],person,['students' 'care' 'materials' 'prevent injuries and damage'],Focuses on instruction and supervision of learners; equipment/materials are the context.,,
29-2034.00,Radiologic Technologists and Technicians,22816,"Monitor patients' conditions and reactions, reporting abnormal signs to physician.",monitor person conditions and reactions,['monitor' 'report'],person,['patients' 'abnormal signs' 'physician'],Reporting abnormal signs is secondary to monitoring.,,
29-1123.00,Physical Therapists,381,"Provide educational information about physical therapy or physical therapists, injury prevention, ergonomics, or ways to promote health.",provide educational information to a person,['provide'],person,"['physical therapy' 'physical therapists' 'injury prevention' 'ergonomics'
 'promote health']",Source is broad and informational; kept the dominant action as providing education.,,
11-9032.00,"Education Administrators, Kindergarten through Secondary",5212,"Confer with parents and staff to discuss educational activities, policies, and student behavior or learning problems.",confer with parents and staff,['confer' 'discuss'],person,['educational' 'student' 'behavior' 'learning'],"Includes discussion of activities and policies, but dominant operation is conferencing with people.",,
29-1141.04,Clinical Nurse Specialists,21188,Provide coaching and mentoring to other caregivers to help facilitate their professional growth and development.,coach and mentor caregivers,['coach' 'mentor'],person,['caregivers' 'professional growth and development'],,,
29-1211.00,Anesthesiologists,7766,"Provide medical care and consultation in many settings, prescribing medication and treatment and referring patients for surgery.",provide care and consultation for a person,['provide' 'consult' 'prescribe'],person,['medical' 'medication' 'surgery' 'patients'],Mixed person-care and referral/prescribing operations; kept dominant care/consultation focus.,,
13-2072.00,Loan Officers,3408,Meet with applicants to obtain information for loan applications and to answer questions about the process.,meet with applicants to obtain information,['meet' 'obtain' 'answer'],person,['loan applications' 'process'],Primary operation is interviewing/meeting with people; answering questions is secondary.,,
21-1094.00,Community Health Workers,19036,Refer community members to needed health services.,refer people to needed services,['refer'],person,['community members' 'health'],,,
11-9171.00,Funeral Home Managers,18837,Offer counsel and comfort to families and friends of the deceased.,offer counsel and comfort to family and friends,['offer' 'counsel' 'comfort'],person,['deceased'],,,
29-1243.00,Pediatric Surgeons,22763,"Describe preoperative and postoperative treatments and procedures, such as sedatives, diets, antibiotics, or preparation and treatment of the patient's operative area, to parents or guardians of the patient.",describe treatment and procedure to guardians,['describe'],person,"['preoperative' 'postoperative' 'sedatives' 'diets' 'antibiotics'
 'patient' 'operative area']",Person-focused communication; includes treatment/procedure information for a person's care.,,
25-2056.00,"Special Education Teachers, Elementary School",22375,"Meet with parents or guardians to discuss their children's progress, advise them on using community resources, or teach skills for dealing with students' impairments.",meet with people to discuss progress,['meet' 'advise' 'teach'],person,"['parents' 'guardians' ""children's"" 'community resources'
 ""students' impairments""]","Source mixes meeting, advising, and teaching; dominant operation is meeting to discuss progress.",,
17-1012.00,Landscape Architects,20382,Provide follow-up consultations for clients to ensure landscape designs are maturing or developing as planned.,provide follow-up consultations for a person,['provide' 'consult'],person,['clients' 'landscape designs' 'maturing' 'developing'],Purpose criterion preserved; task is person-focused consultation with monitoring of design progress.,,
25-2022.00,"Middle School Teachers, Except Special and Career/Technical Education",6584,"Confer with parents or guardians, other teachers, counselors, and administrators to resolve students' behavioral and academic problems.",confer with caregivers and staff to resolve learner problems,['confer' 'resolve'],person,"['parents' 'guardians' 'teachers' 'counselors' 'administrators' 'students'
 'behavioral' 'academic']",,,
25-1062.00,"Area, Ethnic, and Cultural Studies Teachers, Postsecondary",5972,"Supervise undergraduate or graduate teaching, internship, and research work.",supervise teaching and research work,['supervise'],other,['undergraduate' 'graduate' 'internship'],"Mixes supervision of teaching, internship, and research work; kept dominant supervision operation.",,
13-2054.00,Financial Risk Specialists,21613,Develop or implement risk-assessment models or methodologies.,develop or implement risk-assessment models or methodologies,['develop' 'implement'],other,['risk-assessment' 'models' 'methodologies'],Source mixes two operations; kept both in phrase because they are tightly coupled.,,
29-1127.00,Speech-Language Pathologists,1878,"Design, develop, or employ alternative diagnostic or communication devices or strategies.",design and use communication device or strategy,['design' 'develop' 'employ'],other,['diagnostic'],Mixed operations; dominant focus is on creating and using devices or strategies.,,
29-1128.00,Exercise Physiologists,19210,Plan or conduct exercise physiology research projects.,plan or conduct research projects,['plan' 'conduct'],other,['exercise physiology'],Mixed operations; dominant action is research project work.,,
19-3092.00,Geographers,5512,"Provide consulting services in fields such as resource development and management, business location and market area analysis, environmental hazards, regional cultural history, and urban social planning.",provide consulting services on planning and analysis,['provide' 'analyze'],other,"['resource development' 'management' 'business location' 'market area'
 'environmental hazards' 'regional cultural history'
 'urban social planning']",Mixed consulting topics; kept the dominant consulting/planning-analysis operation.,,
41-4011.00,"Sales Representatives, Wholesale and Manufacturing, Technical and Scientific Products",11262,Consult with engineers regarding technical problems with products.,consult on technical problems,['consult'],other,['engineers' 'products'],,,
15-1299.02,Geographic Information Systems Technologists and Technicians,21715,"Produce data layers, maps, tables, or reports, using spatial analysis procedures or Geographic Information Systems (GIS) technology, equipment, or systems.",produce maps and reports using spatial analysis,['produce'],other,"['data layers' 'spatial analysis procedures'
 'geographic information systems' 'gis' 'technology' 'equipment' 'systems']",Source lists multiple outputs; dominant operation is producing analytical outputs.,,
17-2112.01,Human Factors Engineers and Ergonomists,16377,Estimate time or resource requirements for ergonomic or human factors research or development projects.,estimate time or resource requirements for research projects,['estimate'],other,['ergonomic' 'human factors' 'development'],,,
13-1081.00,Logisticians,8946,Participate in the assessment and review of design alternatives and design change proposal impacts.,assess and review design alternatives,['assess' 'review'],other,['design alternatives' 'design change proposal impacts'],Source also mentions reviewing impacts of design change proposals.,,
19-2012.00,Physicists,10904,Describe and express observations and conclusions in mathematical terms.,express observations and conclusions in mathematical terms,['describe' 'express'],other,['mathematical'],,,
21-1015.00,Rehabilitation Counselors,9209,"Arrange for on-site job coaching or assistive devices, such as specially equipped wheelchairs, to help clients adapt to work or school environments.",arrange job coaching or assistive devices,['arrange' 'assist'],other,['on-site' 'clients' 'work' 'school' 'specially equipped wheelchairs'],Mixed operations: arranging support and assisting adaptation.,,
11-9171.00,Funeral Home Managers,18840,"Respond to customer complaints, legal inquiries, payment negotiations, or other post-service matters.",respond to post-service matters,['respond'],other,"['customer complaints' 'legal inquiries' 'payment negotiations'
 'post-service']",Mixed external-facing follow-up tasks; dominant operation is responding.,,
17-2112.01,Human Factors Engineers and Ergonomists,16397,"Design or evaluate human work systems, using human factors engineering and ergonomic principles to optimize usability, cost, quality, safety, or performance.",design or evaluate work systems for usability and safety,['design' 'evaluate'],other,['human factors engineering' 'ergonomic'],Mixed design and evaluation; kept dominant system-level operation and preserved load-bearing criteria.,,
15-1255.01,Video Game Designers,16208,"Devise missions, challenges, or puzzles to be encountered in game play.",devise game missions and puzzles,['devise'],other,['game play'],"Includes multiple related design targets: missions, challenges, and puzzles.",,
27-1026.00,Merchandise Displayers and Window Trimmers,9263,Plan commercial displays to entice and appeal to customers.,plan displays to appeal to people,['plan'],other,['commercial' 'customers'],,,
25-1081.00,"Education Teachers, Postsecondary",6150,"Initiate, facilitate, and moderate classroom discussions.",facilitate group discussion,['initiate' 'facilitate' 'moderate'],procedure,['classroom'],,,
25-2055.00,"Special Education Teachers, Kindergarten",22350,"Plan or supervise experiential learning activities, such as class projects, field trips, demonstrations, or visits by guest speakers.",plan experiential learning activities,['plan' 'supervise'],procedure,"['experiential learning' 'class projects' 'field trips' 'demonstrations'
 'guest speakers']",,,
11-3051.01,Quality Control Systems Managers,15425,Create and implement inspection and testing criteria or procedures.,create and implement inspection procedures,['create' 'implement'],procedure,['testing criteria'],,,
21-1014.00,Mental Health Counselors,18486,"Coordinate or direct employee workshops, courses, or training about mental health issues.",coordinate or direct training for employees,['coordinate' 'direct'],procedure,['workshops' 'courses' 'mental health issues'],Source mixes coordinating/directing with training content; dominant operation is organizing training for employees.,,
29-1129.02,Music Therapists,19171,"Design music therapy experiences, using various musical elements to meet client's goals or objectives.",design experiences to meet goals,['design'],procedure,['music therapy' 'musical elements' 'client'],Purpose/objective is load-bearing; kept generic as goal-directed experiences.,,
25-1063.00,"Economics Teachers, Postsecondary",5990,"Initiate, facilitate, and moderate classroom discussions.",facilitate group discussion,['initiate' 'facilitate' 'moderate'],procedure,['classroom'],,,
19-3051.00,Urban and Regional Planners,22225,"Conduct interviews, surveys and site inspections concerning factors that affect land usage, such as zoning, traffic flow and housing.","conduct interviews, surveys, and site inspections",['conduct'],procedure,['land usage' 'zoning' 'traffic flow' 'housing'],Source mixes multiple information-gathering operations; dominant phrasing kept broad.,,
11-9199.10,Wind Energy Development Managers,15826,Manage site assessments or environmental studies for wind fields.,manage site assessments or environmental studies,['manage'],procedure,['site' 'environmental' 'wind fields'],Mixed operations; dominant phrasing kept as management of assessments/studies.,,
17-1022.01,Geodetic Surveyors,16288,Provide training and interpretation in the use of methods or procedures for observing and checking controls for geodetic and plane coordinates.,provide training and interpretation in methods for observing and checking coordinates,['provide' 'interpret'],procedure,['geodetic' 'plane'],Source mixes training with interpretation; dominant operation is instruction on methods/procedures.,,
29-1129.01,Art Therapists,19155,"Conduct information sharing sessions, such as in-service workshops for other professionals, potential client groups, or the general community.",conduct information sharing sessions,['conduct'],procedure,"['in-service workshops' 'other professionals' 'potential client groups'
 'general community']",,,
25-3041.00,Tutors,17026,"Review class material with students by discussing text, working solutions to problems, or reviewing worksheets or other assignments.",review material with learners,['review' 'discuss'],procedure,['class' 'students' 'text' 'worksheets' 'assignments' 'problems'],Includes discussing text and working solutions to problems.,,
29-1128.00,Exercise Physiologists,19201,Recommend methods to increase lifestyle physical activity.,recommend methods to increase physical activity,['recommend'],procedure,['lifestyle'],,,
19-4031.00,Chemical Technicians,1544,"Develop or conduct programs of sampling and analysis to maintain quality standards of raw materials, chemical intermediates, or products.",conduct sampling and analysis program for quality standards,['develop' 'conduct'],procedure,['raw materials' 'chemical intermediates' 'products' 'quality standards'],,,
15-1299.07,Blockchain Engineers,21816,"Discuss data needs with engineers, product managers, or data scientists to identify blockchain requirements.",discuss data needs to identify requirements,['discuss' 'identify'],data,['engineers' 'product managers' 'data scientists' 'blockchain'],,,
19-2099.01,Remote Sensing Scientists and Technologists,18270,Manage or analyze data obtained from remote sensing systems to obtain meaningful results.,analyze data for meaningful results,['manage' 'analyze'],data,['remote sensing systems'],Dominant operation is analyzing; 'manage' is secondary.,,
29-1021.00,"Dentists, General",6934,Analyze or evaluate dental needs to determine changes or trends in patterns of dental disease.,analyze or evaluate needs to determine disease patterns,['analyze' 'evaluate'],data,['dental' 'disease'],,,
15-2051.02,Clinical Data Managers,16281,"Design and validate clinical databases, including designing or testing logic checks.",design and validate databases,['design' 'validate' 'test'],data,['clinical' 'logic checks'],Includes designing or testing logic checks.,,
13-1023.00,"Purchasing Agents, Except Wholesale, Retail, and Farm Products",1153,Study sales records and inventory levels of current stock to develop strategic purchasing programs that facilitate employee access to supplies.,analyze sales records and inventory levels,['study' 'develop'],data,"['sales' 'inventory' 'current stock' 'strategic purchasing programs'
 'employee access to supplies']",Primary operation is analyzing records; developing purchasing programs is secondary.,,
19-3039.03,Clinical Neuropsychologists,22207,"Compare patients' progress before and after pharmacologic, surgical, or behavioral interventions.",compare progress before and after interventions,['compare'],data,['patients' 'pharmacologic' 'surgical' 'behavioral'],,,
19-2042.00,"Geoscientists, Except Hydrologists and Geographers",3702,"Analyze and interpret geological, geochemical, or geophysical information from sources, such as survey data, well logs, bore holes, or aerial photos.",analyze and interpret data,['analyze' 'interpret'],data,"['geological' 'geochemical' 'geophysical' 'survey' 'well logs'
 'bore holes' 'aerial photos']",,,
11-3051.01,Quality Control Systems Managers,15424,"Direct the tracking of defects, test results, or other regularly reported quality control data.",direct tracking of quality control data,['direct' 'track'],data,['defects' 'test results' 'quality control'],,,
19-2043.00,Hydrologists,9113,"Evaluate data and provide recommendations regarding the feasibility of municipal projects, such as hydroelectric power plants, irrigation systems, flood warning systems, and waste treatment facilities.",evaluate data for project feasibility,['evaluate' 'provide'],data,"['municipal' 'hydroelectric power plants' 'irrigation systems'
 'flood warning systems' 'waste treatment facilities']",Recommendations are part of the evaluation outcome.,,
29-1222.00,"Physicians, Pathologists",17185,"Plan and supervise the work of the pathology staff, residents, or visiting pathologists.",plan and supervise staff work,['plan' 'supervise'],organization,['pathology' 'residents' 'visiting pathologists'],,,
41-1012.00,First-Line Supervisors of Non-Retail Sales Workers,9672,Visit retailers and sales representatives to promote products and gather information.,visit retailers and representatives to promote products,['visit' 'promote' 'gather'],organization,['retailers' 'sales representatives'],Includes gathering information as a secondary operation.,,
11-9141.00,"Property, Real Estate, and Community Association Managers",7239,Confer with legal authorities to ensure that renting and advertising practices are not discriminatory and that properties comply with state and federal regulations.,confer with authorities on compliance,['confer' 'ensure'],organization,"['legal' 'renting' 'advertising' 'discriminatory' 'properties' 'state'
 'federal regulations']",Mixes consultation and compliance checking; dominant operation is conferring with authorities.,,
13-1022.00,"Wholesale and Retail Buyers, Except Farm Products",72,Consult with store or merchandise managers about budgets or goods to be purchased.,consult with managers about budgets and goods,['consult'],organization,['store' 'merchandise' 'purchased'],,,
11-2011.00,Advertising and Promotions Managers,3240,"Assemble and communicate with a strong, diverse coalition of organizations or public figures, securing their cooperation, support, and action, to further campaign goals.",assemble and communicate with coalition,['assemble' 'communicate' 'secure'],organization,['campaign goals' 'public figures'],"Source mixes coalition-building, outreach, and securing support/action; dominant operation is coalition coordination.",,
29-1124.00,Radiation Therapists,4101,Act as liaison with physicist and supportive care personnel.,coordinate with specialists and support staff,['act as liaison' 'coordinate'],organization,['physicist' 'supportive care personnel'],,,
25-3041.00,Tutors,17030,"Identify, develop, or implement intervention strategies, tutoring plans, or individualized education plans (IEPs) for students.",develop and implement intervention plan for learners,['identify' 'develop' 'implement'],plan,"['intervention strategies' 'tutoring plans'
 'individualized education plans' 'iep' 'students']",Multiple related planning operations; dominant action is developing/implementing plans.,,
21-1011.00,Substance Abuse and Behavioral Disorder Counselors,5586,Review and evaluate clients' progress in relation to measurable goals described in treatment and care plans.,review and evaluate progress against goals in a plan,['review' 'evaluate'],plan,['clients' 'treatment' 'care'],,,
19-1031.02,Range Managers,7504,"Tailor conservation plans to landowners' goals, such as livestock support, wildlife, or recreation.",tailor conservation plan to landowner goals,['tailor'],plan,['conservation' 'landowners' 'livestock' 'wildlife' 'recreation'],,,
29-1129.02,Music Therapists,19173,"Establish client goals or objectives for music therapy treatment, considering client needs, capabilities, interests, overall therapeutic program, coordination of treatment, or length of treatment.",establish goals for a person,['establish'],plan,['client' 'music therapy treatment' 'therapeutic program' 'treatment'],Source mixes goal-setting with treatment coordination and criteria; dominant operation is establishing goals/objectives.,,
47-4011.00,Construction and Building Inspectors,20447,Approve building plans that meet required specifications.,approve plans that meet specifications,['approve'],plan,['building'],,,
17-2072.01,Radio Frequency Identification Device Specialists,16368,Create simulations or models of radio frequency identification device (RFID) systems to provide information for selection and configuration.,create simulations or models of hardware system,['create'],hardware,"['radio frequency identification device' 'rfid' 'selection'
 'configuration']",Source mixes creating simulations/models with providing information for selection and configuration; dominant operation is modeling a hardware system.,,
13-1081.01,Logistics Engineers,15865,Design plant distribution centers.,design distribution center,['design'],hardware,['plant'],,,
17-2011.00,Aerospace Engineers,19601,"Design new or modify existing aerospace systems to reduce polluting emissions, such as nitrogen oxide, carbon monoxide, or smoke emissions.",design hardware system to reduce emissions,['design' 'modify'],hardware,['aerospace' 'polluting' 'nitrogen oxide' 'carbon monoxide' 'smoke'],,,
33-1011.00,First-Line Supervisors of Correctional Officers,9430,"Respond to emergencies, such as escapes.",respond to emergencies,['respond'],environment,['escapes'],,,
27-1025.00,Interior Designers,1741,"Plan and design interior environments for boats, planes, buses, trains, and other enclosed spaces.",plan and design interior environments,['plan' 'design'],environment,['boats' 'planes' 'buses' 'trains'],,,
27-1027.00,Set and Exhibit Designers,9301,"Confer with conservators to determine how to handle an exhibit's environmental aspects, such as lighting, temperature, and humidity, so that objects will be protected and exhibits will be enhanced.",confer on environmental controls for an exhibit,['confer' 'determine'],environment,"['conservators' 'exhibit' 'lighting' 'temperature' 'humidity' 'objects'
 'exhibits']",,,
11-3071.04,Supply Chain Managers,20948,Forecast material costs or develop standard cost lists.,forecast material costs,['forecast' 'develop'],money,['material' 'standard cost lists'],Includes alternative operation: develop standard cost lists.,,
43-4111.00,"Interviewers, Except Eligibility and Loan",2633,Ensure payment for services by verifying benefits with the person's insurance provider or working out financing options.,verify benefits and arrange financing,['verify' 'work out'],money,['payment' 'services' 'insurance provider'],Mixed operations; dominant focus is securing payment-related coverage and financing.,,
11-9111.00,Medical and Health Services Managers,52,"Establish work schedules and assignments for staff, according to workload, space, and equipment availability.",establish work schedules and assignments,['establish'],schedule,['staff' 'workload' 'space' 'equipment availability'],,,
53-2012.00,Commercial Pilots,10592,"Order changes in fuel supplies, loads, routes, or schedules to ensure safety of flights.",order changes to schedules,['order'],schedule,['fuel supplies' 'loads' 'routes' 'flights'],Source mixes multiple objects; dominant operation is changing schedules to ensure safety.,,
27-4021.00,Photographers,9352,"Manipulate and enhance scanned or digital images to create desired effects, using computers and specialized software.",manipulate and enhance images,['manipulate' 'enhance'],image_or_media,['scanned' 'digital' 'computers' 'specialized software'],,,
15-1299.08,Computer Systems Engineers/Architects,14692,Develop application-specific software.,develop software,['develop'],code,['application-specific'],,,
17-3026.01,Nanotechnology Engineering Technologists and Technicians,22068,Assist nanoscientists or engineers in processing or characterizing materials according to physical or chemical properties.,process or characterize a material by properties,['assist' 'process' 'characterize'],material,['nanoscientists' 'engineers' 'physical' 'chemical'],Source mixes assisting with processing/characterizing; dominant object is material.,,
